Name,Address,Username,E-mail
Cory Kirby,"675 Patrick Lane Suite 674, Garciahaven, NH 63581",corykirby17,corykirby@gmail.com
Michael Mann,"59541 Zachary Plain, Emmamouth, VA 90391",michaelmann49,michaelmann@gmail.com
Stacey Carter,"0463 Daniel Common, South Jessica, PA 03248",staceycarter30,staceycarter@gmail.com
Pamela Soto,"247 Megan Road, Bondborough, DC 80267",pamelasoto26,pamelasoto@gmail.com
Jessica Martin,"42275 Villegas Heights, New Bryan, MO 11188",jessicamartin41,jessicamartin@gmail.com
Tracey Hinton,"529 Cruz Mountain Suite 025, Elizabethchester, NE 11916",traceyhinton35,traceyhinton@gmail.com
Kimberly Wilson,"1080 Brenda Plains, East Elizabeth, IL 46983",kimberlywilson13,kimberlywilson@gmail.com
Michael Evans,"USS Mendoza, FPO AA 12595",michaelevans14,michaelevans@gmail.com
George Suarez,"00362 Peggy Well, Port Heather, MD 89349",georgesuarez12,georgesuarez@gmail.com
Gregg Ashley,"5330 Weber Well, Banksfurt, ND 48623",greggashley14,greggashley@gmail.com
