Name,Address,Username,E-mail
Gregory Gonzalez,"6825 Gomez Unions, Christinafort, CO 80269",gregorygonzalez39,gregorygonzalez@gmail.com
Daniel Williams,"4924 Howard Mountains Apt. 135, East Joseph, CO 68858",danielwilliams38,danielwilliams@gmail.com
Douglas Copeland,"Unit 9385 Box 4702, DPO AE 97900",douglascopeland44,douglascopeland@gmail.com
Debra Andrews,"730 Jasmine Neck, Jacobview, AR 89777",debraandrews39,debraandrews@gmail.com
Christina Calderon,"173 Thomas Parkways, East Ericport, VT 67346",christinacalderon15,christinacalderon@gmail.com
Danielle Gonzalez,"35624 Strickland Inlet Apt. 959, North Juliefort, NE 99205",daniellegonzalez37,daniellegonzalez@gmail.com
Melissa Collins,"721 Brown Loaf Suite 148, Laurenstad, NH 25043",melissacollins17,melissacollins@gmail.com
Peter Evans,"282 Edwards Manors, Thomaschester, VA 57203",peterevans30,peterevans@gmail.com
Elizabeth Kidd,"2402 Sherri Corners Apt. 799, New Brittanychester, IN 97099",elizabethkidd48,elizabethkidd@gmail.com
Steven Nielsen,"474 Mendoza Village Apt. 042, Ricetown, CA 28351",stevennielsen12,stevennielsen@gmail.com
Peter Trujillo,"1100 Stacey Glens Apt. 931, Lake Susanchester, KY 30054",petertrujillo37,petertrujillo@gmail.com
Julie Ramirez,"119 Mcgee Views, North Kevin, MI 40044",julieramirez46,julieramirez@gmail.com
Joseph Cortez,"448 Miller Plaza, New Jasminefurt, OR 04467",josephcortez46,josephcortez@gmail.com
David Valdez,"3483 Adams Isle Apt. 416, Port Charlesmouth, ME 01602",davidvaldez39,davidvaldez@gmail.com
Susan Cooke,"89978 Collins Light Suite 120, Port Robert, ID 64482",susancooke36,susancooke@gmail.com
John Clark,"854 Cameron Forest, Watkinston, VA 23608",johnclark40,johnclark@gmail.com
Ashley Meyer,"13911 Kimberly Path, North Michael, ID 61103",ashleymeyer14,ashleymeyer@gmail.com
Kristin Lee,"2799 Brandon Meadows Apt. 126, Kennethhaven, KS 17237",kristinlee30,kristinlee@gmail.com
Matthew Little,"USNS Hodges, FPO AE 57195",matthewlittle32,matthewlittle@gmail.com
Tracy Hood,"7077 Bowman River, Youngborough, KY 06612",tracyhood28,tracyhood@gmail.com
